date,Gouvernorat,الولاية,Cas,Rétablis,Décès,Hospitalisé,nbre tests,Reanimation,Pays
02/03/2020,Gafsa,قفصة,1,1,,,67,,Tunisie
08/03/2020,Mahdia,مهدية,1,,,,30,,Tunisie
09/03/2020,Bizerte,بنزرت,1,,,,20,,Tunisie
09/03/2020,Tunis,تونس,1,,,,,,Tunisie
09/03/2020,Mahdia,مهدية,1,1,,,,,Tunisie
10/03/2020,Mahdia,مهدية,1,,,,44,,Tunisie
11/03/2020,Ariana,اريانة,1,,,,28,,Tunisie
12/03/2020,Tunis,تونس,4,,,,72,,Tunisie
12/03/2020,Ariana,اريانة,2,,,,,,Tunisie
13/03/2020,Ariana,اريانة,1,,,,43,,Tunisie
13/03/2020,Tunis,تونس,1,,,,,,Tunisie
13/03/2020,Bizerte,بنزرت,1,,,,,,Tunisie
14/03/2020,Tataouine,تطاوين,1,,,,70,,Tunisie
14/03/2020,Ariana,اريانة,1,,,,,,Tunisie
15/03/2020,Tunis,تونس,1,,,,31,,Tunisie
15/03/2020,Kairouan,القيروان,1,,,,,,Tunisie
16/03/2020,Sousse,سوسة,1,,,,67,,Tunisie
16/03/2020,Monastir,المنستير,1,,,,,,Tunisie
16/03/2020,Tunis,تونس,2,,,,,,Tunisie
17/03/2020,Kairouan,القيروان,1,,,,66,,Tunisie
17/03/2020,Ariana,اريانة,1,,,,,,Tunisie
17/03/2020,Tunis,تونس,1,,,,,,Tunisie
17/03/2020,Sousse,سوسة,1,1,,,,,Tunisie
17/03/2020,Sfax,صفاقس,1,,,,,,Tunisie
18/03/2020,Ariana,اريانة,2,,,,86,,Tunisie
18/03/2020,Tunis,تونس,5,,,,,,Tunisie
18/03/2020,Nabeul,نابل,1,,,,,,Tunisie
18/03/2020,Ben Arous,بن عروس,1,,,,,,Tunisie
18/03/2020,Sousse,سوسة,0,,1,,,,Tunisie
18/03/2020,Medenine,مدنين,1,,,,,,Tunisie
19/03/2020,Ariana,اريانة,4,,,,79,,Tunisie
19/03/2020,Tunis,تونس,3,,,,,,Tunisie
19/03/2020,Ben Arous,بن عروس,1,,,,,,Tunisie
19/03/2020,Tataouine,تطاوين,3,,,,,,Tunisie
19/03/2020,Sousse,سوسة,2,,,,,,Tunisie
19/03/2020,Monastir,المنستير,2,,,,,,Tunisie
20/03/2020,Ariana,اريانة,1,,,,126,,Tunisie
20/03/2020,Medenine,مدنين,1,,,,,,Tunisie
20/03/2020,Ben Arous,بن عروس,2,,,,,,Tunisie
20/03/2020,Sousse,سوسة,1,,,,,,Tunisie
20/03/2020,Medenine,مدنين,1,,,,,,Tunisie
20/03/2020,Sfax,,0,,1,,,,Tunisie
21/03/2020,Ariana,اريانة,2,,0,,132,,Tunisie
21/03/2020,Tunis,تونس,4,,,,,,Tunisie
21/03/2020,Gabes,قابس,1,,,,,,Tunisie
21/03/2020,Kebili,قبلي,1,,,,,,Tunisie
21/03/2020,Ben Arous,بن عروس,1,,,,,,Tunisie
21/03/2020,Monastir,المنستير,2,,,,,,Tunisie
21/03/2020,Sfax,صفاقس,3,,0,,,,Tunisie
21/03/2020,Tataouine,تطاوين,1,,,,,,Tunisie
22/03/2020,Tunis,تونس,7,,,,126,,Tunisie
22/03/2020,Manouba,منوبة,1,,,,,,Tunisie
22/03/2020,Ben Arous,بن عروس,3,,,,,,Tunisie
22/03/2020,Ariana,اريانة,1,,,,,,Tunisie
22/03/2020,Medenine,مدنين,2,,,,,,Tunisie
23/03/2020,Ariana,اريانة,6,,1,,138,,Tunisie
23/03/2020,Ben Arous,بن عروس,4,,,,,,Tunisie
23/03/2020,Bizerte,بنزرت,1,,,,,,Tunisie
23/03/2020,Kebili,قبلي,4,,,,,,Tunisie
23/03/2020,Medenine,مدنين,1,,,,,,Tunisie
23/03/2020,Monastir,المنستير,2,,,,,,Tunisie
23/03/2020,Sfax,صفاقس,1,,,,,,Tunisie
23/03/2020,Sousse,سوسة,1,,,,,,Tunisie
23/03/2020,Tataouine,تطاوين,1,,,,,,Tunisie
23/03/2020,Tunis,تونس,3,,,,,,Tunisie
23/03/2020,Zaghouan,زغوان,1,,,,,,Tunisie
24/03/2020,Tunis,تونس,15,,,,229,,Tunisie
24/03/2020,Le Kef,الكاف,1,,1,,,,Tunisie
24/03/2020,Ariana,اريانة,9,,,,,,Tunisie
24/03/2020,Ben Arous,بن عروس,5,,,,,,Tunisie
24/03/2020,Medenine,مدنين,6,,,,,,Tunisie
24/03/2020,Sousse,سوسة,7,,,,,,Tunisie
24/03/2020,Monastir,المنستير,6,,,,,,Tunisie
24/03/2020,Sfax,صفاقس,2,,0,,,,Tunisie
24/03/2020,Bizerte,بنزرت,1,,0,,,,Tunisie
24/03/2020,Nabeul,نابل,1,,,,,,Tunisie
24/03/2020,Zaghouan,زغوان,1,,,,,,Tunisie
24/03/2020,Gabes,قابس,3,,,,,,Tunisie
24/03/2020,Manouba,منوبة,2,,,,,,Tunisie
25/03/2020,Medenine,مدنين,2,,,,309,,Tunisie
25/03/2020,Mahdia,مهدية,1,,1,,,,Tunisie
25/03/2020,Sfax,صفاقس,4,,0,,,,Tunisie
25/03/2020,Kebili,قبلي,6,,,,,,Tunisie
25/03/2020,Sousse,سوسة,3,,,,,,Tunisie
25/03/2020,Monastir,المنستير,1,,,,,,Tunisie
25/03/2020,Ariana,اريانة,2,,,,,,Tunisie
25/03/2020,Tunis,تونس,5,,,,,,Tunisie
26/03/2020,Tunis,تونس,3,,,,282,,Tunisie
26/03/2020,Ariana,اريانة,1,,,,,,Tunisie
26/03/2020,Ben Arous,بن عروس,6,,,,,,Tunisie
26/03/2020,Sousse,سوسة,1,,,,,,Tunisie
26/03/2020,Monastir,المنستير,3,,,,,,Tunisie
26/03/2020,Sidi Bouzid,سيدي بوزيد,1,,,,,,Tunisie
26/03/2020,Nabeul,نابل,1,,,,,,Tunisie
26/03/2020,Tozeur,توزر,6,,,,,,Tunisie
26/03/2020,Le Kef,الكاف,1,,,,,,Tunisie
26/03/2020,Bizerte,بنزرت,7,,,,,,Tunisie
26/03/2020,Tataouine,,,,1,,,,
27/03/2020,Kasserine,قصرين,1,,,,724,,Tunisie
27/03/2020,Mahdia,مهدية,1,,,,,,Tunisie
27/03/2020,Manouba,منوبة,1,,,,,,Tunisie
27/03/2020,Le Kef,الكاف,3,,,,,,Tunisie
27/03/2020,Sousse,سوسة,7,,,,,,Tunisie
27/03/2020,Sfax,,,,2,,,,
27/03/2020,Le Kef,الكاف,1,,,,,,Tunisie
27/03/2020,Tunis,تونس,14,,,,,,Tunisie
27/03/2020,Manouba,منوبة,2,,,,,,Tunisie
27/03/2020,Ariana,اريانة,1,,,,,,Tunisie
27/03/2020,Ben Arous,بن عروس,3,,,,,,Tunisie
27/03/2020,Medenine,مدنين,5,,,,,,Tunisie
27/03/2020,Monastir,المنستير,5,,,,,,Tunisie
27/03/2020,Kebili,قبلي,4,,,,,,Tunisie
27/03/2020,Nabeul,نابل,3,,,,,,Tunisie
28/03/2020,Sidi Bouzid,سيدي بوزيد,2,,,,536,,Tunisie
28/03/2020,Sousse,سوسة,1,,,,,,Tunisie
28/03/2020,Nabeul,نابل,2,,,,,,Tunisie
28/03/2020,Ben Arous,بن عروس,3,,,,,,Tunisie
28/03/2020,Bizerte,بنزرت,1,,1,,,,Tunisie
28/03/2020,Tunis,تونس,11,,,,,,Tunisie
28/03/2020,Ariana,اريانة,9,,,,,,Tunisie
28/03/2020,Monastir,المنستير,3,,,,,,Tunisie
28/03/2020,Manouba,منوبة,2,,,,,,Tunisie
28/03/2020,Medenine,مدنين,0,,1,,,,Tunisie
29/03/2020,Sousse,سوسة,1,,,,447,,Tunisie
29/03/2020,Monastir,المنستير,1,,,,,,Tunisie
29/03/2020,Beja,باجة,1,,,,,,Tunisie
29/03/2020,Mahdia,مهدية,2,,,,,,Tunisie
29/03/2020,Medenine,مدنين,16,,,,,,Tunisie
29/03/2020,Ariana,اريانة,6,,1,,,,Tunisie
29/03/2020,Tunis,تونس,12,,0,,,,Tunisie
29/03/2020,Ben Arous,بن عروس,5,,,,,,Tunisie
29/03/2020,Sfax,صفاقس,3,,,,,,Tunisie
29/03/2020,Nabeul,نابل,2,,,,,,Tunisie
29/03/2020,Gabes,قابس,1,,,,,,Tunisie
30/03/2020,Tunis,تونس,2,,,,442,,Tunisie
30/03/2020,Ariana,اريانة,6,,,,,,Tunisie
30/03/2020,Medenine,مدنين,8,,,,,,Tunisie
30/03/2020,Ben Arous,بن عروس,7,,,,,,Tunisie
30/03/2020,Monastir,المنستير,0,,,,,,Tunisie
30/03/2020,Kasserine,قصرين,1,,,,,,Tunisie
30/03/2020,Sousse,سوسة,5,,,,,,Tunisie
30/03/2020,Beja,باجة,0,,,,,,Tunisie
30/03/2020,Gafsa,قفصة,0,,,,,,Tunisie
30/03/2020,Kairouan,القيروان,0,,,,,,Tunisie
30/03/2020,Kebili,قبلي,1,,,,,,Tunisie
30/03/2020,Sfax,صفاقس,5,,,,,,Tunisie
30/03/2020,Sidi Bouzid,سيدي بوزيد,0,,,,,,Tunisie
30/03/2020,Bizerte,بنزرت,1,,,,,,Tunisie
30/03/2020,Nabeul,نابل,0,,,,,,Tunisie
30/03/2020,Tozeur,توزر,-5,,,,,,Tunisie
30/03/2020,Zaghouan,زغوان,0,,,,,,Tunisie
30/03/2020,Le Kef,الكاف,0,,,,,,Tunisie
30/03/2020,Mahdia,مهدية,0,,,,,,Tunisie
30/03/2020,Gabes,قابس,0,,,,,,Tunisie
30/03/2020,Tataouine,تطاوين,1,,,,,,Tunisie
30/03/2020,Manouba,منوبة,-1,,,,,,Tunisie
04/03/2020,Tunis,تونس,0,,,,,,Tunisie
04/03/2020,Ariana,اريانة,0,,,,,,Tunisie
04/03/2020,Medenine,مدنين,0,,,,,,Tunisie
04/03/2020,Ben Arous,بن عروس,0,,,,,,Tunisie
04/03/2020,Monastir,المنستير,0,,,,,,Tunisie
04/03/2020,Kasserine,قصرين,0,,,,,,Tunisie
04/03/2020,Sousse,سوسة,0,,,,,,Tunisie
04/03/2020,Beja,باجة,0,,,,,,Tunisie
04/03/2020,Gafsa,قفصة,0,,,,,,Tunisie
04/03/2020,Kairouan,القيروان,0,,,,,,Tunisie
04/03/2020,Kebili,قبلي,0,,,,,,Tunisie
04/03/2020,Le Kef,الكاف,0,,,,,,Tunisie
04/03/2020,Sidi Bouzid,سيدي بوزيد,0,,,,,,Tunisie
04/03/2020,Bizerte,بنزرت,0,,,,,,Tunisie
04/03/2020,Nabeul,نابل,0,,,,,,Tunisie
04/03/2020,Tozeur,توزر,0,,,,,,Tunisie
04/03/2020,Zaghouan,زغوان,0,,,,,,Tunisie
04/03/2020,Le Kef,الكاف,0,,,,,,Tunisie
04/03/2020,Mahdia,مهدية,0,,,,,,Tunisie
31/03/2020,Tunis,تونس,10,,1,,550,,Tunisie
31/03/2020,Ariana,اريانة,1,2,,,,,Tunisie
31/03/2020,Medenine,مدنين,3,,,,,,Tunisie
31/03/2020,Ben Arous,بن عروس,2,,,,,,Tunisie
31/03/2020,Monastir,المنستير,0,,,,,,Tunisie
31/03/2020,Sousse,سوسة,4,,,,,,Tunisie
31/03/2020,Kebili,قبلي,0,,,,,,Tunisie
31/03/2020,Gabes,قابس,0,,,,,,Tunisie
31/03/2020,Sfax,صفاقس,1,,,,,,Tunisie
31/03/2020,Bizerte,بنزرت,2,,,,,,Tunisie
31/03/2020,Nabeul,نابل,1,,,,,,Tunisie
31/03/2020,Manouba,منوبة,1,,,,,,Tunisie
31/03/2020,Tataouine,تطاوين,0,,,,,,Tunisie
31/03/2020,Mahdia,مهدية,1,,,,,,Tunisie
31/03/2020,Le Kef,الكاف,-1,,,,,,Tunisie
31/03/2020,Zaghouan,زغوان,0,,,,,,Tunisie
31/03/2020,Tozeur,توزر,0,,,,,,Tunisie
31/03/2020,Sidi Bouzid,سيدي بوزيد,0,,,,,,Tunisie
31/03/2020,Kairouan,القيروان,0,,,,,,Tunisie
31/03/2020,Kasserine,قصرين,0,,,,,,Tunisie
31/03/2020,Gafsa,قفصة,4,,,,,,Tunisie
31/03/2020,Beja,باجة,0,,,,,,Tunisie
01/04/2020,Tunis,تونس,1,,,,674,,Tunisie
01/04/2020,Ariana,اريانة,3,,,,,,Tunisie
01/04/2020,Medenine,مدنين,5,,1,,,,Tunisie
01/04/2020,Ben Arous,بن عروس,2,,,,-288,,Tunisie
01/04/2020,Monastir,المنستير,0,,,,,,Tunisie
01/04/2020,Sousse,سوسة,6,,,,,,Tunisie
01/04/2020,Kebili,قبلي,12,,,,,,Tunisie
01/04/2020,Sfax,صفاقس,0,,,,,,Tunisie
01/04/2020,Bizerte,بنزرت,0,,,,,,Tunisie
01/04/2020,Nabeul,نابل,0,,,,,,Tunisie
01/04/2020,Manouba,منوبة,2,,1,,,,Tunisie
01/04/2020,Tataouine,تطاوين,0,,,,,,Tunisie
01/04/2020,Gabes,قابس,0,,,,,,Tunisie
01/04/2020,Mahdia,مهدية,0,,,,,,Tunisie
01/04/2020,Le Kef,الكاف,0,,,,,,Tunisie
01/04/2020,Zaghouan,زغوان,0,,,,,,Tunisie
01/04/2020,Tozeur,توزر,0,,,,,,Tunisie
01/04/2020,Sidi Bouzid,سيدي بوزيد,0,,,,,,Tunisie
01/04/2020,Kairouan,القيروان,2,,,,,,Tunisie
01/04/2020,Kasserine,قصرين,0,,,,,,Tunisie
01/04/2020,Gafsa,قفصة,0,,,,,,Tunisie
01/04/2020,Beja,باجة,0,,,,,,Tunisie
02/04/2020,Tunis,تونس,7,,1,,606,,Tunisie
02/04/2020,Ariana,اريانة,7,,1,,,,Tunisie
02/04/2020,Medenine,مدنين,6,,1,,,,Tunisie
02/04/2020,Ben Arous,بن عروس,4,,,,,,Tunisie
02/04/2020,Monastir,المنستير,1,,,,,,Tunisie
02/04/2020,Sousse,سوسة,4,,,,,,Tunisie
02/04/2020,Kebili,قبلي,2,,,,,,Tunisie
02/04/2020,Sfax,صفاقس,2,,,,,,Tunisie
02/04/2020,Bizerte,بنزرت,0,,,,,,Tunisie
02/04/2020,Nabeul,نابل,0,,1,,,,Tunisie
02/04/2020,Manouba,منوبة,0,,,,,,Tunisie
02/04/2020,Tataouine,تطاوين,2,,,,,,Tunisie
02/04/2020,Gabes,قابس,2,,,,,,Tunisie
02/04/2020,Mahdia,مهدية,1,,,,,,Tunisie
02/04/2020,Le Kef,الكاف,0,,,,,,Tunisie
02/04/2020,Zaghouan,زغوان,0,,,,,,Tunisie
02/04/2020,Tozeur,توزر,0,,,,,,Tunisie
02/04/2020,Sidi Bouzid,سيدي بوزيد,2,,0,,,,Tunisie
02/04/2020,Kairouan,القيروان,0,,,,,,Tunisie
02/04/2020,Kasserine,قصرين,0,,,,,,Tunisie
02/04/2020,Gafsa,قفصة,0,,,,,,Tunisie
02/04/2020,Beja,باجة,0,,,,,,Tunisie
03/04/2020,Tunis,تونس,20,,,,749,,Tunisie
03/04/2020,Ariana,اريانة,2,,,,,,Tunisie
03/04/2020,Medenine,مدنين,1,,,,,,Tunisie
03/04/2020,Ben Arous,بن عروس,5,,,,,,Tunisie
03/04/2020,Monastir,المنستير,0,,,,,,Tunisie
03/04/2020,Sousse,سوسة,3,,,,,,Tunisie
03/04/2020,Kebili,قبلي,0,,,,,,Tunisie
03/04/2020,Sfax,صفاقس,7,,,,,,Tunisie
03/04/2020,Bizerte,بنزرت,0,,,,,,Tunisie
03/04/2020,Nabeul,نابل,0,,,,,,Tunisie
03/04/2020,Manouba,منوبة,6,,0,,,,Tunisie
03/04/2020,Tataouine,تطاوين,8,,,,,,Tunisie
03/04/2020,Gabes,قابس,0,,,,,,Tunisie
03/04/2020,Mahdia,مهدية,1,,,,,,Tunisie
03/04/2020,Le Kef,الكاف,0,,,,,,Tunisie
03/04/2020,Zaghouan,زغوان,0,,,,,,Tunisie
03/04/2020,Tozeur,توزر,0,,,,,,Tunisie
03/04/2020,Sidi Bouzid,سيدي بوزيد,0,,,,,,Tunisie
03/04/2020,Kairouan,القيروان,0,,,,,,Tunisie
03/04/2020,Kasserine,قصرين,0,,,,,,Tunisie
03/04/2020,Gafsa,قفصة,5,,,,,,Tunisie
03/04/2020,Beja,باجة,0,,,,,,Tunisie
04/04/2020,Tunis,تونس,3,,,,658,,Tunisie
04/04/2020,Ariana,اريانة,3,,,,,,Tunisie
04/04/2020,Medenine,مدنين,4,,,,,,Tunisie
04/04/2020,Ben Arous,بن عروس,2,,1,,,,Tunisie
04/04/2020,Monastir,المنستير,0,,,,,,Tunisie
04/04/2020,Sousse,سوسة,4,,2,,,,Tunisie
04/04/2020,Kebili,قبلي,1,,,,,,Tunisie
04/04/2020,Sfax,صفاقس,0,,1,,,,Tunisie
04/04/2020,Bizerte,بنزرت,1,,,,,,Tunisie
04/04/2020,Nabeul,نابل,0,,,,,,Tunisie
04/04/2020,Manouba,منوبة,0,,,,,,Tunisie
04/04/2020,Tataouine,تطاوين,0,,,,,,Tunisie
04/04/2020,Gabes,قابس,0,,,,,,Tunisie
04/04/2020,Mahdia,مهدية,1,,,,,,Tunisie
04/04/2020,Le Kef,الكاف,0,,,,,,Tunisie
04/04/2020,Zaghouan,زغوان,0,,,,,,Tunisie
04/04/2020,Tozeur,توزر,0,,,,,,Tunisie
04/04/2020,Sidi Bouzid,سيدي بوزيد,0,,,,,,Tunisie
04/04/2020,Kairouan,القيروان,1,,,,,,Tunisie
04/04/2020,Kasserine,قصرين,0,,,,,,Tunisie
04/04/2020,Gafsa,قفصة,0,,,,,,Tunisie
04/04/2020,Beja,باجة,1,,,39,,,Tunisie
05/04/2020,Tunis,تونس,4,,,,580,,Tunisie
05/04/2020,Ariana,اريانة,5,,,,,,Tunisie
05/04/2020,Medenine,مدنين,0,,,,,,Tunisie
05/04/2020,Ben Arous,بن عروس,1,,,,,,Tunisie
05/04/2020,Monastir,المنستير,-1,,,,,,Tunisie
05/04/2020,Sousse,سوسة,1,,,,,,Tunisie
05/04/2020,Kebili,قبلي,6,,,,,,Tunisie
05/04/2020,Sfax,صفاقس,0,,,,,,Tunisie
05/04/2020,Bizerte,بنزرت,0,,,,,,Tunisie
05/04/2020,Nabeul,نابل,0,,,,,,Tunisie
05/04/2020,Manouba,منوبة,4,,,,,,Tunisie
05/04/2020,Tataouine,تطاوين,0,,,,,,Tunisie
05/04/2020,Gabes,قابس,2,,,,,,Tunisie
05/04/2020,Mahdia,مهدية,0,,,,,,Tunisie
05/04/2020,Le Kef,الكاف,0,,,,,,Tunisie
05/04/2020,Zaghouan,زغوان,0,,,,,,Tunisie
05/04/2020,Tozeur,توزر,0,,,,,,Tunisie
05/04/2020,Sidi Bouzid,سيدي بوزيد,0,,,,,,Tunisie
05/04/2020,Kairouan,القيروان,0,,,,,,Tunisie
05/04/2020,Kasserine,قصرين,0,,,,,,Tunisie
05/04/2020,Gafsa,قفصة,0,,,,,,Tunisie
05/04/2020,Beja,باجة,0,,,,,,Tunisie
06/04/2020,Tunis,تونس,5,,,,549,,Tunisie
06/04/2020,Ariana,اريانة,-1,,,,,,Tunisie
06/04/2020,Medenine,مدنين,0,,,,,,Tunisie
06/04/2020,Ben Arous,بن عروس,4,,,,,,Tunisie
06/04/2020,Monastir,المنستير,0,,,,,,Tunisie
06/04/2020,Sousse,سوسة,4,,1,,,,Tunisie
06/04/2020,Kebili,قبلي,2,,,,,,Tunisie
06/04/2020,Sfax,صفاقس,0,,,,,,Tunisie
06/04/2020,Bizerte,بنزرت,0,,1,,,,Tunisie
06/04/2020,Nabeul,نابل,0,,,,,,Tunisie
06/04/2020,Manouba,منوبة,11,,,,,,Tunisie
06/04/2020,Tataouine,تطاوين,1,,,,,,Tunisie
06/04/2020,Gabes,قابس,0,,,,,,Tunisie
06/04/2020,Mahdia,مهدية,0,,,,,,Tunisie
06/04/2020,Le Kef,الكاف,0,,,,,,Tunisie
06/04/2020,Zaghouan,زغوان,0,,,,,,Tunisie
06/04/2020,Tozeur,توزر,0,,,,,,Tunisie
06/04/2020,Sidi Bouzid,سيدي بوزيد,0,,,,,,Tunisie
06/04/2020,Kairouan,القيروان,0,,,,,,Tunisie
06/04/2020,Kasserine,قصرين,0,,,,,,Tunisie
06/04/2020,Gafsa,قفصة,1,,,,,,Tunisie
06/04/2020,Beja,باجة,0,20,,,,,Tunisie
07/04/2020,Tunis,تونس,3,,,,604,,Tunisie
07/04/2020,Ariana,اريانة,0,,,,,,Tunisie
07/04/2020,Medenine,مدنين,0,,,,,,Tunisie
07/04/2020,Ben Arous,بن عروس,1,,,,,,Tunisie
07/04/2020,Monastir,المنستير,0,,,,,,Tunisie
07/04/2020,Sousse,سوسة,0,,0,,,,Tunisie
07/04/2020,Kebili,قبلي,0,,,,,,Tunisie
07/04/2020,Sfax,صفاقس,0,,,,,,Tunisie
07/04/2020,Bizerte,بنزرت,0,,0,,,,Tunisie
07/04/2020,Nabeul,نابل,0,,,,,,Tunisie
07/04/2020,Manouba,منوبة,1,,,,,,Tunisie
07/04/2020,Tataouine,تطاوين,0,,,,,,Tunisie
07/04/2020,Gabes,قابس,0,,,,,,Tunisie
07/04/2020,Mahdia,مهدية,0,,,,,,Tunisie
07/04/2020,Le Kef,الكاف,0,,,,,,Tunisie
07/04/2020,Zaghouan,زغوان,0,,,,,,Tunisie
07/04/2020,Tozeur,توزر,0,,,,,,Tunisie
07/04/2020,Sidi Bouzid,سيدي بوزيد,0,,,,,,Tunisie
07/04/2020,Kairouan,القيروان,0,,,,,,Tunisie
07/04/2020,Kasserine,قصرين,0,,,,,,Tunisie
07/04/2020,Gafsa,قفصة,0,,,,,,Tunisie
07/04/2020,Beja,باجة,0,,,,,,Tunisie
08/04/2020,Tunis,تونس,5,,,,692,,Tunisie
08/04/2020,Ariana,اريانة,2,,1,,,,Tunisie
08/04/2020,Medenine,مدنين,0,,,,,,Tunisie
08/04/2020,Ben Arous,بن عروس,1,,,,,,Tunisie
08/04/2020,Monastir,المنستير,4,,,,,,Tunisie
08/04/2020,Sousse,سوسة,-6,,,,,,Tunisie
08/04/2020,Kebili,قبلي,0,,,,,,Tunisie
08/04/2020,Sfax,صفاقس,1,,,,,,Tunisie
08/04/2020,Bizerte,بنزرت,0,,,,,,Tunisie
08/04/2020,Nabeul,نابل,1,,,,,,Tunisie
08/04/2020,Manouba,منوبة,0,,,,,,Tunisie
08/04/2020,Tataouine,تطاوين,0,,,,,,Tunisie
08/04/2020,Gabes,قابس,3,,,,,,Tunisie
08/04/2020,Mahdia,مهدية,1,,,,,,Tunisie
08/04/2020,Le Kef,الكاف,0,,,,,,Tunisie
08/04/2020,Zaghouan,زغوان,1,,,,,,Tunisie
08/04/2020,Tozeur,توزر,0,,,,,,Tunisie
08/04/2020,Sidi Bouzid,سيدي بوزيد,0,,,,,,Tunisie
08/04/2020,Kairouan,القيروان,0,,,,,,Tunisie
08/04/2020,Kasserine,قصرين,0,,,,,,Tunisie
08/04/2020,Gafsa,قفصة,2,,,,,,Tunisie
08/04/2020,Beja,باجة,0,,,,,,Tunisie
09/04/2020,Tunis,تونس,7,,,,571,,Tunisie
09/04/2020,Ariana,اريانة,3,,,,,,Tunisie
09/04/2020,Medenine,مدنين,0,,,,,,Tunisie
09/04/2020,Ben Arous,بن عروس,2,,,,,,Tunisie
09/04/2020,Monastir,المنستير,4,,,,,,Tunisie
09/04/2020,Sousse,سوسة,5,,,,,,Tunisie
09/04/2020,Kebili,قبلي,1,,,,,,Tunisie
09/04/2020,Sfax,صفاقس,1,,,,,,Tunisie
09/04/2020,Bizerte,بنزرت,1,,,,,,Tunisie
09/04/2020,Nabeul,نابل,1,,,,,,Tunisie
09/04/2020,Manouba,منوبة,0,,,,,,Tunisie
09/04/2020,Tataouine,تطاوين,1,,,,,,Tunisie
09/04/2020,Gabes,قابس,0,,,,,,Tunisie
09/04/2020,Mahdia,مهدية,0,,,,,,Tunisie
09/04/2020,Le Kef,الكاف,0,,,,,,Tunisie
09/04/2020,Zaghouan,زغوان,0,,,,,,Tunisie
09/04/2020,Tozeur,توزر,0,,,,,,Tunisie
09/04/2020,Sidi Bouzid,سيدي بوزيد,0,,,,,,Tunisie
09/04/2020,Kairouan,القيروان,1,,,,,,Tunisie
09/04/2020,Kasserine,قصرين,0,,,,,,Tunisie
09/04/2020,Gafsa,قفصة,0,,,,,,Tunisie
09/04/2020,Beja,باجة,1,,,,,,Tunisie
10/04/2020,Tunis,تونس,0,18,,,589,,Tunisie
10/04/2020,Ariana,اريانة,1,,,,,,Tunisie
10/04/2020,Medenine,مدنين,1,,,,,,Tunisie
10/04/2020,Ben Arous,بن عروس,1,,,,,,Tunisie
10/04/2020,Monastir,المنستير,0,,,,,,Tunisie
10/04/2020,Sousse,سوسة,5,,,,,,Tunisie
10/04/2020,Kebili,قبلي,1,,,,,,Tunisie
10/04/2020,Sfax,صفاقس,0,,1,,,,Tunisie
10/04/2020,Bizerte,بنزرت,0,,-1,,,,Tunisie
10/04/2020,Nabeul,نابل,0,,,,,,Tunisie
10/04/2020,Manouba,منوبة,2,,3,,,,Tunisie
10/04/2020,Tataouine,تطاوين,0,,,,,,Tunisie
10/04/2020,Gabes,قابس,0,,,,,,Tunisie
10/04/2020,Mahdia,مهدية,0,,,,,,Tunisie
10/04/2020,Le Kef,الكاف,0,,,,,,Tunisie
10/04/2020,Zaghouan,زغوان,0,,,,,,Tunisie
10/04/2020,Tozeur,توزر,0,,,,,,Tunisie
10/04/2020,Sidi Bouzid,سيدي بوزيد,0,,,,,,Tunisie
10/04/2020,Kairouan,القيروان,0,,,,,,Tunisie
10/04/2020,Kasserine,قصرين,0,,,,,,Tunisie
10/04/2020,Gafsa,قفصة,3,,,,,,Tunisie
10/04/2020,Beja,باجة,0,,,,,,Tunisie
11/04/2020,Tunis,تونس,8,,2,,562,,Tunisie
11/04/2020,Ariana,اريانة,1,,,,,,Tunisie
11/04/2020,Medenine,مدنين,2,,,,,,Tunisie
11/04/2020,Ben Arous,بن عروس,5,,1,,,,Tunisie
11/04/2020,Monastir,المنستير,1,,,,,,Tunisie
11/04/2020,Sousse,سوسة,1,,,,,,Tunisie
11/04/2020,Kebili,قبلي,-1,,,,,,Tunisie
11/04/2020,Sfax,صفاقس,0,,,,,,Tunisie
11/04/2020,Bizerte,بنزرت,0,,,,,,Tunisie
11/04/2020,Nabeul,نابل,-1,,,,,,Tunisie
11/04/2020,Manouba,منوبة,1,,,,,,Tunisie
11/04/2020,Tataouine,تطاوين,1,,,,,,Tunisie
11/04/2020,Gabes,قابس,1,,,,,,Tunisie
11/04/2020,Mahdia,مهدية,0,,,,,,Tunisie
11/04/2020,Le Kef,الكاف,0,,,,,,Tunisie
11/04/2020,Zaghouan,زغوان,0,,,,,,Tunisie
11/04/2020,Tozeur,توزر,0,,,,,,Tunisie
11/04/2020,Sidi Bouzid,سيدي بوزيد,0,,,,,,Tunisie
11/04/2020,Kairouan,القيروان,0,,,,,,Tunisie
11/04/2020,Kasserine,قصرين,0,,,,,,Tunisie
11/04/2020,Gafsa,قفصة,2,,,,,,Tunisie
11/04/2020,Beja,باجة,0,,,,,,Tunisie
11/04/2020,Jendouba,جندوبة,1,,,,,,Tunisie
12/04/2020,Tunis,تونس,6,,1,,587,,Tunisie
12/04/2020,Ariana,اريانة,0,,,,,,Tunisie
12/04/2020,Medenine,مدنين,1,,1,,,,Tunisie
12/04/2020,Ben Arous,بن عروس,3,,,,,,Tunisie
12/04/2020,Monastir,المنستير,0,,,,,,Tunisie
12/04/2020,Sousse,سوسة,2,,1,,,,Tunisie
12/04/2020,Kebili,قبلي,2,,,,,,Tunisie
12/04/2020,Sfax,صفاقس,0,, ,,,,Tunisie
12/04/2020,Bizerte,بنزرت,0,,,,,,Tunisie
12/04/2020,Nabeul,نابل,0,,,,,,Tunisie
12/04/2020,Manouba,منوبة,0,,,,,,Tunisie
12/04/2020,Tataouine,تطاوين,2,,,,,,Tunisie
12/04/2020,Gabes,قابس,2,,,,,,Tunisie
12/04/2020,Mahdia,مهدية,0,,,,,,Tunisie
12/04/2020,Le Kef,الكاف,0,,,,,,Tunisie
12/04/2020,Zaghouan,زغوان,0,,,,,,Tunisie
12/04/2020,Tozeur,توزر,1,,,,,,Tunisie
12/04/2020,Sidi Bouzid,سيدي بوزيد,0,,,,,,Tunisie
12/04/2020,Kairouan,القيروان,0,,,,,,Tunisie
12/04/2020,Kasserine,قصرين,0,,,,,,Tunisie
12/04/2020,Gafsa,قفصة,0,,,,,,Tunisie
12/04/2020,Beja,باجة,0,,,,,,Tunisie
12/04/2020,Jendouba,جندوبة,0,,,,,,Tunisie
13/04/2020,Tunis,تونس,1,,,,590,,Tunisie
13/04/2020,Ariana,اريانة,1,,,,,,Tunisie
13/04/2020,Medenine,مدنين,4,,,,,,Tunisie
13/04/2020,Ben Arous,بن عروس,5,,,,,,Tunisie
13/04/2020,Monastir,المنستير,0,,,,,,Tunisie
13/04/2020,Sousse,سوسة,0,,,,,,Tunisie
13/04/2020,Kebili,قبلي,3,,,,,,Tunisie
13/04/2020,Sfax,صفاقس,0,,,,,,Tunisie
13/04/2020,Bizerte,بنزرت,0,,,,,,Tunisie
13/04/2020,Nabeul,نابل,0,,,,,,Tunisie
13/04/2020,Manouba,منوبة,0,,,,,,Tunisie
13/04/2020,Tataouine,تطاوين,1,,,,,,Tunisie
13/04/2020,Gabes,قابس,0,,,,,,Tunisie
13/04/2020,Mahdia,مهدية,0,,,,,,Tunisie
13/04/2020,Le Kef,الكاف,0,,,,,,Tunisie
13/04/2020,Zaghouan,زغوان,0,,,,,,Tunisie
13/04/2020,Tozeur,توزر,1,,,,,,Tunisie
13/04/2020,Sidi Bouzid,سيدي بوزيد,0,,,,,,Tunisie
13/04/2020,Kairouan,القيروان,0,,,,,,Tunisie
13/04/2020,Kasserine,قصرين,0,,,,,,Tunisie
13/04/2020,Gafsa,قفصة,5,,,,,,Tunisie
13/04/2020,Beja,باجة,0,,,,,,Tunisie
13/04/2020,Jendouba,جندوبة,0,,,,,,Tunisie
14/04/2020,Tunis,تونس,13,,,,722,,Tunisie
14/04/2020,Ariana,اريانة,-1,,1,,,,Tunisie
14/04/2020,Medenine,مدنين,0,,,,,,Tunisie
14/04/2020,Ben Arous,بن عروس,2,,,,,,Tunisie
14/04/2020,Monastir,المنستير,1,,,,,,Tunisie
14/04/2020,Sousse,سوسة,4,,,,,,Tunisie
14/04/2020,Kebili,قبلي,6,,,,,,Tunisie
14/04/2020,Sfax,صفاقس,0,,,,,,Tunisie
14/04/2020,Bizerte,بنزرت,1,,,,,,Tunisie
14/04/2020,Nabeul,نابل,0,,,,,,Tunisie
14/04/2020,Manouba,منوبة,1,,,,,,Tunisie
14/04/2020,Tataouine,تطاوين,2,,,,,,Tunisie
14/04/2020,Gabes,قابس,0,,,,,,Tunisie
14/04/2020,Mahdia,مهدية,0,,,,,,Tunisie
14/04/2020,Le Kef,الكاف,0,,,,,,Tunisie
14/04/2020,Zaghouan,زغوان,0,,,,,,Tunisie
14/04/2020,Tozeur,توزر,1,,,,,,Tunisie
14/04/2020,Sidi Bouzid,سيدي بوزيد,0,,,,,,Tunisie
14/04/2020,Kairouan,القيروان,0,,,,,,Tunisie
14/04/2020,Kasserine,قصرين,3,,,,,,Tunisie
14/04/2020,Gafsa,قفصة,0,,,,,,Tunisie
14/04/2020,Beja,باجة,0,,,,,,Tunisie
14/04/2020,Jendouba,جندوبة,0,,,84,,,Tunisie
15/04/2020,Tunis,تونس,6,,,,722,,Tunisie
15/04/2020,Ariana,اريانة,6,,0,,,,Tunisie
15/04/2020,Medenine,مدنين,11,,,,,,Tunisie
15/04/2020,Ben Arous,بن عروس,0,,1,,,,Tunisie
15/04/2020,Monastir,المنستير,0,,,,,,Tunisie
15/04/2020,Sousse,سوسة,0,,,,,,Tunisie
15/04/2020,Kebili,قبلي,8,,,,,,Tunisie
15/04/2020,Sfax,صفاقس,0,,,,,,Tunisie
15/04/2020,Bizerte,بنزرت,0,,,,,,Tunisie
15/04/2020,Nabeul,نابل,0,,,,,,Tunisie
15/04/2020,Manouba,منوبة,0,,1,,,,Tunisie
15/04/2020,Tataouine,تطاوين,0,,,,,,Tunisie
15/04/2020,Gabes,قابس,0,,,,,,Tunisie
15/04/2020,Mahdia,مهدية,1,,,,,,Tunisie
15/04/2020,Le Kef,الكاف,0,,,,,,Tunisie
15/04/2020,Zaghouan,زغوان,0,,,,,,Tunisie
15/04/2020,Tozeur,توزر,0,,,,,,Tunisie
15/04/2020,Sidi Bouzid,سيدي بوزيد,0,,,,,,Tunisie
15/04/2020,Kairouan,القيروان,0,,,,,,Tunisie
15/04/2020,Kasserine,قصرين,0,,,,,,Tunisie
15/04/2020,Gafsa,قفصة,9,,,,,,Tunisie
15/04/2020,Beja,باجة,0,,,,,,Tunisie
15/04/2020,Jendouba,جندوبة,0,,,84,,,Tunisie
15/04/2020,Seliana,,1,,,,,,
16/04/2020,Tunis,تونس,0,,,,710,,Tunisie
16/04/2020,Ariana,اريانة,0,,,,,,Tunisie
16/04/2020,Medenine,مدنين,3,, ,,,,Tunisie
16/04/2020,Ben Arous,بن عروس,6,,,,,,Tunisie
16/04/2020,Monastir,المنستير,0,,,,,,Tunisie
16/04/2020,Sousse,سوسة,3,,,,,,Tunisie
16/04/2020,Kebili,قبلي,17,,,,,,Tunisie
16/04/2020,Sfax,صفاقس,0,,,,,,Tunisie
16/04/2020,Bizerte,بنزرت,0,,,,,,Tunisie
16/04/2020,Nabeul,نابل,0,,,,,,Tunisie
16/04/2020,Manouba,منوبة,1,,,,,,Tunisie
16/04/2020,Tataouine,تطاوين,7,,,,,,Tunisie
16/04/2020,Gabes,قابس,5,,,,,,Tunisie
16/04/2020,Mahdia,مهدية,0,,,,,,Tunisie
16/04/2020,Le Kef,الكاف,0,,,,,,Tunisie
16/04/2020,Zaghouan,زغوان,0,,,,,,Tunisie
16/04/2020,Tozeur,توزر,0,,,,,,Tunisie
16/04/2020,Sidi Bouzid,سيدي بوزيد,0,,,,,,Tunisie
16/04/2020,Kairouan,القيروان,0,,,,,,Tunisie
16/04/2020,Kasserine,قصرين,0,,,,,,Tunisie
16/04/2020,Gafsa,قفصة,0,,,,,,Tunisie
16/04/2020,Beja,باجة,0,,,,,,Tunisie
16/04/2020,Jendouba,جندوبة,0,,,84,,,Tunisie
16/04/2020,Seliana,,0,,,,,,Tunisie
17/04/2020,Tunis,تونس,0,,1,,692,,Tunisie
17/04/2020,Ariana,اريانة,0,,,,,,Tunisie
17/04/2020,Medenine,مدنين,0,,,,,,Tunisie
17/04/2020,Ben Arous,بن عروس,0,,,,,,Tunisie
17/04/2020,Monastir,المنستير,0,,,,,,Tunisie
17/04/2020,Sousse,سوسة,0,,,,,,Tunisie
17/04/2020,Kebili,قبلي,0,,,,,,Tunisie
17/04/2020,Sfax,صفاقس,1,,,,,,Tunisie
17/04/2020,Bizerte,بنزرت,0,,,,,,Tunisie
17/04/2020,Nabeul,نابل,0,,,,,,Tunisie
17/04/2020,Manouba,منوبة,0,,,,,,Tunisie
17/04/2020,Tataouine,تطاوين,0,,,,,,Tunisie
17/04/2020,Gabes,قابس,0,,,,,,Tunisie
17/04/2020,Mahdia,مهدية,0,,,,,,Tunisie
17/04/2020,Le Kef,الكاف,0,,,,,,Tunisie
17/04/2020,Zaghouan,زغوان,0,,,,,,Tunisie
17/04/2020,Tozeur,توزر,1,,,,,,Tunisie
17/04/2020,Sidi Bouzid,سيدي بوزيد,0,,,,,,Tunisie
17/04/2020,Kairouan,القيروان,0,,,,,,Tunisie
17/04/2020,Kasserine,قصرين,0,,,,,,Tunisie
17/04/2020,Gafsa,قفصة,0,,,,,,Tunisie
17/04/2020,Beja,باجة,0,,,,,,Tunisie
17/04/2020,Jendouba,جندوبة,0,,,,,,Tunisie
17/04/2020,Seliana,,0,,,,,,Tunisie
18/04/2020,Tunis,تونس,0,,,,766,,Tunisie
18/04/2020,Ariana,اريانة,0,,,,,,Tunisie
18/04/2020,Medenine,مدنين,0,,,,,,Tunisie
18/04/2020,Ben Arous,بن عروس,0,,,,,,Tunisie
18/04/2020,Monastir,المنستير,2,,,,,,Tunisie
18/04/2020,Sousse,سوسة,2,,,,,,Tunisie
18/04/2020,Kebili,قبلي,7,,,,,,Tunisie
18/04/2020,Sfax,صفاقس,0,,,,,,Tunisie
18/04/2020,Bizerte,بنزرت,0,,,,,,Tunisie
18/04/2020,Nabeul,نابل,0,,,,,,Tunisie
18/04/2020,Manouba,منوبة,1,,,,,,Tunisie
18/04/2020,Tataouine,تطاوين,0,,,,,,Tunisie
18/04/2020,Gabes,قابس,1,,,,,,Tunisie
18/04/2020,Mahdia,مهدية,0,,,,,,Tunisie
18/04/2020,Le Kef,الكاف,0,,,,,,Tunisie
18/04/2020,Zaghouan,زغوان,0,,,,,,Tunisie
18/04/2020,Tozeur,توزر,0,,,,,,Tunisie
18/04/2020,Sidi Bouzid,سيدي بوزيد,0,,,,,,Tunisie
18/04/2020,Kairouan,القيروان,0,,,,,,Tunisie
18/04/2020,Kasserine,قصرين,0,,,,,,Tunisie
18/04/2020,Gafsa,قفصة,0,,,,,,Tunisie
18/04/2020,Beja,باجة,0,,,,,,Tunisie
18/04/2020,Jendouba,جندوبة,0,,,,,,Tunisie
18/04/2020,Seliana,,0,,,,,,Tunisie
19/04/2020,Tunis,تونس,0,127,,,1189,,Tunisie
19/04/2020,Ariana,اريانة,0,,,,,,Tunisie
19/04/2020,Medenine,مدنين,1,,,,,,Tunisie
19/04/2020,Ben Arous,بن عروس,0,,,,,,Tunisie
19/04/2020,Monastir,المنستير,-1,,,,,,Tunisie
19/04/2020,Sousse,سوسة,1,,,,,,Tunisie
19/04/2020,Kebili,قبلي,0,,,,,,Tunisie
19/04/2020,Sfax,صفاقس,2,,,,,,Tunisie
19/04/2020,Bizerte,بنزرت,0,,,,,,Tunisie
19/04/2020,Nabeul,نابل,0,,,,,,Tunisie
19/04/2020,Manouba,منوبة,0,,,,,,Tunisie
19/04/2020,Tataouine,تطاوين,0,,,,,,Tunisie
19/04/2020,Gabes,قابس,0,,,,,,Tunisie
19/04/2020,Mahdia,مهدية,2,,,,,,Tunisie
19/04/2020,Le Kef,الكاف,0,,,,,,Tunisie
19/04/2020,Zaghouan,زغوان,0,,,,,,Tunisie
19/04/2020,Tozeur,توزر,0,,,,,,Tunisie
19/04/2020,Sidi Bouzid,سيدي بوزيد,0,,,,,,Tunisie
19/04/2020,Kairouan,القيروان,0,,,,,,Tunisie
19/04/2020,Kasserine,قصرين,0,,,,,,Tunisie
19/04/2020,Gafsa,قفصة,0,,,,,,Tunisie
19/04/2020,Beja,باجة,0,,,,,,Tunisie
19/04/2020,Jendouba,جندوبة,0,,,,,,Tunisie
19/04/2020,Seliana,,0,,,,,,Tunisie
20/04/2020,Tunis,تونس,2,20,,-197,878,32,Tunisie
20/04/2020,Ariana,اريانة,4,,,,,,Tunisie
20/04/2020,Medenine,مدنين,0,,,,,,Tunisie
20/04/2020,Ben Arous,بن عروس,4,,,,,,Tunisie
20/04/2020,Monastir,المنستير,0,,,,,,Tunisie
20/04/2020,Sousse,سوسة,0,,,,,,Tunisie
20/04/2020,Kebili,قبلي,2,,,,,,Tunisie
20/04/2020,Sfax,صفاقس,2,,,,,,Tunisie
20/04/2020,Bizerte,بنزرت,1,,,,,,Tunisie
20/04/2020,Nabeul,نابل,0,,,,,,Tunisie
20/04/2020,Manouba,منوبة,0,,,,,,Tunisie
20/04/2020,Tataouine,تطاوين,0,,,,,,Tunisie
20/04/2020,Gabes,قابس,1,,,,,,Tunisie
20/04/2020,Mahdia,مهدية,0,,,,,,Tunisie
20/04/2020,Le Kef,الكاف,0,,,,,,Tunisie
20/04/2020,Zaghouan,زغوان,0,,,,,,Tunisie
20/04/2020,Tozeur,توزر,0,,,,,,Tunisie
20/04/2020,Sidi Bouzid,سيدي بوزيد,0,,,,,,Tunisie
20/04/2020,Kairouan,القيروان,0,,,,,,Tunisie
20/04/2020,Kasserine,قصرين,0,,,,,,Tunisie
20/04/2020,Gafsa,قفصة,1,,,,,,Tunisie
20/04/2020,Beja,باجة,0,,,,,,Tunisie
20/04/2020,Jendouba,جندوبة,0,,,,,,Tunisie
20/04/2020,Seliana,,0,,,,,,Tunisie
21/04/2020,Tunis,تونس,3,,,,696,,Tunisie
21/04/2020,Ariana,اريانة,0,,,,,,Tunisie
21/04/2020,Medenine,مدنين,0,,,,,,Tunisie
21/04/2020,Ben Arous,بن عروس,0,,,,,,Tunisie
21/04/2020,Monastir,المنستير,0,,,,,,Tunisie
21/04/2020,Sousse,سوسة,3,,,,,,Tunisie
21/04/2020,Kebili,قبلي,0,,,,,,Tunisie
21/04/2020,Sfax,صفاقس,0,,,,,,Tunisie
21/04/2020,Bizerte,بنزرت,0,,,,,,Tunisie
21/04/2020,Nabeul,نابل,0,,,,,,Tunisie
21/04/2020,Manouba,منوبة,1,,,,,,Tunisie
21/04/2020,Tataouine,تطاوين,0,,,,,,Tunisie
21/04/2020,Gabes,قابس,0,,,,,,Tunisie
21/04/2020,Mahdia,مهدية,1,,,,,,Tunisie
21/04/2020,Le Kef,الكاف,0,,,,,,Tunisie
21/04/2020,Zaghouan,زغوان,0,,,,,,Tunisie
21/04/2020,Tozeur,توزر,0,,,,,,Tunisie
21/04/2020,Sidi Bouzid,سيدي بوزيد,0,,,,,,Tunisie
21/04/2020,Kairouan,القيروان,0,,,,,,Tunisie
21/04/2020,Kasserine,قصرين,0,,,,,,Tunisie
21/04/2020,Gafsa,قفصة,0,,,,,,Tunisie
21/04/2020,Beja,باجة,0,,,,,,Tunisie
21/04/2020,Jendouba,جندوبة,0,,,,,,Tunisie
21/04/2020,Seliana,,0,,,,,,Tunisie
22/04/2020,Tunis,تونس,1,,,,550,,Tunisie
22/04/2020,Ariana,اريانة,1,,,,,,Tunisie
22/04/2020,Medenine,مدنين,0,,,,,,Tunisie
22/04/2020,Ben Arous,بن عروس,0,,,,,,Tunisie
22/04/2020,Monastir,المنستير,0,,,,,,Tunisie
22/04/2020,Sousse,سوسة,1,,,,,,Tunisie
22/04/2020,Kebili,قبلي,1,,,,,,Tunisie
22/04/2020,Sfax,صفاقس,0,,,,,,Tunisie
22/04/2020,Bizerte,بنزرت,0,,,,,,Tunisie
22/04/2020,Nabeul,نابل,0,,,,,,Tunisie
22/04/2020,Manouba,منوبة,0,,,,,,Tunisie
22/04/2020,Tataouine,تطاوين,0,,,,,,Tunisie
22/04/2020,Gabes,قابس,0,,,,,,Tunisie
22/04/2020,Mahdia,مهدية,-1,,,,,,Tunisie
22/04/2020,Le Kef,الكاف,0,,,,,,Tunisie
22/04/2020,Zaghouan,زغوان,0,,,,,,Tunisie
22/04/2020,Tozeur,توزر,0,,,,,,Tunisie
22/04/2020,Sidi Bouzid,سيدي بوزيد,0,,,,,,Tunisie
22/04/2020,Kairouan,القيروان,0,,,,,,Tunisie
22/04/2020,Kasserine,قصرين,0,,,,,,Tunisie
22/04/2020,Gafsa,قفصة,5,,,,,,Tunisie
22/04/2020,Beja,باجة,0,,,,,,Tunisie
22/04/2020,Jendouba,جندوبة,0,,,,,,Tunisie
22/04/2020,Seliana,,1,,,,,,Tunisie
23/04/2020,Tunis,تونس,0,,0,-4,438,-12,Tunisie
23/04/2020,Ariana,اريانة,0,,,,,,Tunisie
23/04/2020,Medenine,مدنين,0,,,,,,Tunisie
23/04/2020,Ben Arous,بن عروس,0,,,,,,Tunisie
23/04/2020,Monastir,المنستير,0,,,,,,Tunisie
23/04/2020,Sousse,سوسة,3,,,,,,Tunisie
23/04/2020,Kebili,قبلي,0,,,,,,Tunisie
23/04/2020,Sfax,صفاقس,0,,,,,,Tunisie
23/04/2020,Bizerte,بنزرت,0,,,,,,Tunisie
23/04/2020,Nabeul,نابل,0,,,,,,Tunisie
23/04/2020,Manouba,منوبة,0,,,,,,Tunisie
23/04/2020,Tataouine,تطاوين,0,,,,,,Tunisie
23/04/2020,Gabes,قابس,0,,,,,,Tunisie
23/04/2020,Mahdia,مهدية,0,,,,,,Tunisie
23/04/2020,Le Kef,الكاف,0,,,,,,Tunisie
23/04/2020,Zaghouan,زغوان,0,,,,,,Tunisie
23/04/2020,Tozeur,توزر,0,,,,,,Tunisie
23/04/2020,Sidi Bouzid,سيدي بوزيد,0,,,,,,Tunisie
23/04/2020,Kairouan,القيروان,0,,,,,,Tunisie
23/04/2020,Kasserine,قصرين,1,,,,,,Tunisie
23/04/2020,Gafsa,قفصة,0,,,,,,Tunisie
23/04/2020,Beja,باجة,0,,,,,,Tunisie
23/04/2020,Jendouba,جندوبة,0,,,,,,Tunisie
23/04/2020,Seliana,,0,,,,,,Tunisie
24/04/2020,Tunis,تونس,3,13,0,-6,559,-1,Tunisie
24/04/2020,Ariana,اريانة,0,,,,,,Tunisie
24/04/2020,Medenine,مدنين,1,,,,,,Tunisie
24/04/2020,Ben Arous,بن عروس,1,,,,,,Tunisie
24/04/2020,Monastir,المنستير,0,,,,,,Tunisie
24/04/2020,Sousse,سوسة,0,,,,,,Tunisie
24/04/2020,Kebili,قبلي,8,,,,,,Tunisie
24/04/2020,Sfax,صفاقس,0,,,,,,Tunisie
24/04/2020,Bizerte,بنزرت,0,,,,,,Tunisie
24/04/2020,Nabeul,نابل,0,,,,,,Tunisie
24/04/2020,Manouba,منوبة,0,,,,,,Tunisie
24/04/2020,Tataouine,تطاوين,3,,,,,,Tunisie
24/04/2020,Gabes,قابس,0,,,,,,Tunisie
24/04/2020,Mahdia,مهدية,0,,,,,,Tunisie
24/04/2020,Le Kef,الكاف,0,,,,,,Tunisie
24/04/2020,Zaghouan,زغوان,0,,,,,,Tunisie
24/04/2020,Tozeur,توزر,0,,,,,,Tunisie
24/04/2020,Sidi Bouzid,سيدي بوزيد,0,,,,,,Tunisie
24/04/2020,Kairouan,القيروان,0,,,,,,Tunisie
24/04/2020,Kasserine,قصرين,1,,,,,,Tunisie
24/04/2020,Gafsa,قفصة,0,,,,,,Tunisie
24/04/2020,Beja,باجة,0,,,,,,Tunisie
24/04/2020,Jendouba,جندوبة,0,,,,,,Tunisie
24/04/2020,Seliana,,0,,,,,,Tunisie
25/04/2020,Tunis,تونس,3,9,0,-6,429,1,Tunisie
25/04/2020,Ariana,اريانة,1,,,,,,Tunisie
25/04/2020,Medenine,مدنين,1,,,,,,Tunisie
25/04/2020,Ben Arous,بن عروس,0,,,,,,Tunisie
25/04/2020,Monastir,المنستير,0,,,,,,Tunisie
25/04/2020,Sousse,سوسة,1,,,,,,Tunisie
25/04/2020,Kebili,قبلي,2,,,,,,Tunisie
25/04/2020,Sfax,صفاقس,0,,,,,,Tunisie
25/04/2020,Bizerte,بنزرت,2,,,,,,Tunisie
25/04/2020,Nabeul,نابل,0,,,,,,Tunisie
25/04/2020,Manouba,منوبة,0,,,,,,Tunisie
25/04/2020,Tataouine,تطاوين,0,,,,,,Tunisie
25/04/2020,Gabes,قابس,0,,,,,,Tunisie
25/04/2020,Mahdia,مهدية,0,,,,,,Tunisie
25/04/2020,Le Kef,الكاف,0,,,,,,Tunisie
25/04/2020,Zaghouan,زغوان,0,,,,,,Tunisie
25/04/2020,Tozeur,توزر,0,,,,,,Tunisie
25/04/2020,Sidi Bouzid,سيدي بوزيد,0,,,,,,Tunisie
25/04/2020,Kairouan,القيروان,0,,,,,,Tunisie
25/04/2020,Kasserine,قصرين,0,,,,,,Tunisie
25/04/2020,Gafsa,قفصة,0,,,,,,Tunisie
25/04/2020,Beja,باجة,0,,,,,,Tunisie
25/04/2020,Jendouba,جندوبة,0,,,,,,Tunisie
25/04/2020,Seliana,,0,,,,,,Tunisie
26/04/2020,Tunis,تونس,4,63,0,0,263,-2,Tunisie
26/04/2020,Ariana,اريانة,0,,,,,,Tunisie
26/04/2020,Medenine,مدنين,0,,,,,,Tunisie
26/04/2020,Ben Arous,بن عروس,1,,1,,,,Tunisie
26/04/2020,Monastir,المنستير,0,,,,,,Tunisie
26/04/2020,Sousse,سوسة,0,,,,,,Tunisie
26/04/2020,Kebili,قبلي,2,,,,,,Tunisie
26/04/2020,Sfax,صفاقس,0,,,,,,Tunisie
26/04/2020,Bizerte,بنزرت,1,,,,,,Tunisie
26/04/2020,Nabeul,نابل,0,,,,,,Tunisie
26/04/2020,Manouba,منوبة,0,,,,,,Tunisie
26/04/2020,Tataouine,تطاوين,0,,,,,,Tunisie
26/04/2020,Gabes,قابس,0,,,,,,Tunisie
26/04/2020,Mahdia,مهدية,1,,,,,,Tunisie
26/04/2020,Le Kef,الكاف,1,,,,,,Tunisie
26/04/2020,Zaghouan,زغوان,0,,,,,,Tunisie
26/04/2020,Tozeur,توزر,0,,,,,,Tunisie
26/04/2020,Sidi Bouzid,سيدي بوزيد,0,,,,,,Tunisie
26/04/2020,Kairouan,القيروان,0,,,,,,Tunisie
26/04/2020,Kasserine,قصرين,2,,,,,,Tunisie
26/04/2020,Gafsa,قفصة,5,,,,,,Tunisie
26/04/2020,Beja,باجة,0,,,,,,Tunisie
26/04/2020,Jendouba,جندوبة,0,,,,,,Tunisie
26/04/2020,Seliana,,1,,,,,,Tunisie
27/04/2020,Tunis,تونس,2,,,,,,Tunisie
27/04/2020,Ariana,اريانة,1,,,,,,Tunisie
27/04/2020,Kebili,قبلي,1,,,,,,Tunisie
27/04/2020,Gabes,قابس,1,,,,,,Tunisie
27/04/2020,Bizerte,بنزرت,3,,,,,,Tunisie
27/04/2020,Tunis,تونس,0,,1,-2,396,-1,Tunisie
28/04/2020,Ariana,اريانة,1,,,,,,Tunisie
28/04/2020,Ben Arous,بن عروس,1,,,,,,Tunisie
28/04/2020,Gafsa,قفصة,1,,,,,,Tunisie
28/04/2020,Tataouine,تطاوين,1,,,,,,Tunisie
28/04/2020,zaghouan,زغوان,0,15,,-4,585,3,Tunisie
29/04/2020,Tunis,تونس,12,15,,-6,895,4,Tunisie
29/04/2020,Ariana,اريانة,0,,,,,,Tunisie
29/04/2020,Medenine,مدنين,0,,,,,,Tunisie
29/04/2020,Ben Arous,بن عروس,0,,,,,,Tunisie
29/04/2020,Monastir,المنستير,0,,,,,,Tunisie
29/04/2020,Sousse,سوسة,0,,,,,,Tunisie
29/04/2020,Kebili,قبلي,0,,,,,,Tunisie
29/04/2020,Sfax,صفاقس,0,,,,,,Tunisie
29/04/2020,Bizerte,بنزرت,0,,,,,,Tunisie
29/04/2020,Nabeul,نابل,1,,,,,,Tunisie
29/04/2020,Manouba,منوبة,0,,,,,,Tunisie
29/04/2020,Tataouine,تطاوين,0,,,,,,Tunisie
29/04/2020,Gabes,قابس,0,,,,,,Tunisie
29/04/2020,Mahdia,مهدية,0,,,,,,Tunisie
29/04/2020,Le Kef,الكاف,1,,,,,,Tunisie
29/04/2020,Zaghouan,زغوان,0,,,,,,Tunisie
29/04/2020,Tozeur,توزر,0,,,,,,Tunisie
29/04/2020,Sidi Bouzid,سيدي بوزيد,0,,1,,,,Tunisie
29/04/2020,Kairouan,القيروان,0,,,,,,Tunisie
29/04/2020,Kasserine,قصرين,0,,,,,,Tunisie
29/04/2020,Gafsa,قفصة,0,,,,,,Tunisie
29/04/2020,Beja,باجة,0,,,,,,Tunisie
29/04/2020,Jendouba,جندوبة,0,,,,,,Tunisie
29/04/2020,Seliana,,,,,,,,Tunisie
30/04/2020,Tunis,تونس,0,11,,-1,569,,Tunisie
30/04/2020,Ariana,اريانة,1,,,,,,Tunisie
30/04/2020,Medenine,مدنين,1,,,,,,Tunisie
30/04/2020,Ben Arous,بن عروس,0,,,,,,Tunisie
30/04/2020,Monastir,المنستير,0,,,,,,Tunisie
30/04/2020,Sousse,سوسة,0,,,,,,Tunisie
30/04/2020,Kebili,قبلي,0,,,,,,Tunisie
30/04/2020,Sfax,صفاقس,0,,,,,,Tunisie
30/04/2020,Bizerte,بنزرت,0,,,,,,Tunisie
30/04/2020,Nabeul,نابل,1,,,,,,Tunisie
30/04/2020,Manouba,منوبة,1,,,,,,Tunisie
30/04/2020,Tataouine,تطاوين,0,,,,,,Tunisie
30/04/2020,Gabes,قابس,0,,,,,,Tunisie
30/04/2020,Mahdia,مهدية,0,,,,,,Tunisie
30/04/2020,Le Kef,الكاف,0,,,,,,Tunisie
30/04/2020,Zaghouan,زغوان,0,,,,,,Tunisie
30/04/2020,Tozeur,توزر,0,,,,,,Tunisie
30/04/2020,Sidi Bouzid,سيدي بوزيد,0,,,,,,Tunisie
30/04/2020,Kairouan,القيروان,1,,,,,,Tunisie
30/04/2020,Kasserine,قصرين,0,,,,,,Tunisie
30/04/2020,Gafsa,قفصة,0,,,,,,Tunisie
30/04/2020,Beja,باجة,0,,,,,,Tunisie
30/04/2020,Jendouba,جندوبة,0,,,,,,Tunisie
30/04/2020,Seliana,,,,,,,,Tunisie
01/05/2020,Tunis,تونس,5,7,1,-6,529,1,Tunisie
01/05/2020,Ariana,اريانة,0,,,,,,Tunisie
01/05/2020,Medenine,مدنين,0,,,,,,Tunisie
01/05/2020,Ben Arous,بن عروس,2,,,,,,Tunisie
01/05/2020,Monastir,المنستير,1,,,,,,Tunisie
01/05/2020,Sousse,سوسة,0,,,,,,Tunisie
01/05/2020,Kebili,قبلي,1,,,,,,Tunisie
01/05/2020,Sfax,صفاقس,0,,,,,,Tunisie
01/05/2020,Bizerte,بنزرت,0,,,,,,Tunisie
01/05/2020,Nabeul,نابل,0,,,,,,Tunisie
01/05/2020,Manouba,منوبة,1,,,,,,Tunisie
01/05/2020,Tataouine,تطاوين,0,,,,,,Tunisie
01/05/2020,Gabes,قابس,0,,,,,,Tunisie
01/05/2020,Mahdia,مهدية,0,,,,,,Tunisie
01/05/2020,Le Kef,الكاف,0,,,,,,Tunisie
01/05/2020,Zaghouan,زغوان,0,,,,,,Tunisie
01/05/2020,Tozeur,توزر,0,,,,,,Tunisie
01/05/2020,Sidi Bouzid,سيدي بوزيد,0,,,,,,Tunisie
01/05/2020,Kairouan,القيروان,1,,,,,,Tunisie
01/05/2020,Kasserine,قصرين,0,,,,,,Tunisie
01/05/2020,Gafsa,قفصة,0,,,,,,Tunisie
01/05/2020,Beja,باجة,0,,,,,,Tunisie
01/05/2020,Jendouba,جندوبة,0,,,,,,Tunisie
01/05/2020,Seliana,,0,,,,,,Tunisie
02/05/2020,Tunis,تونس,0,5,0,0,351,0,Tunisie
02/05/2020,Ariana,اريانة,0,,,,,,Tunisie
02/05/2020,Medenine,مدنين,0,,,,,,Tunisie
02/05/2020,Ben Arous,بن عروس,0,,,,,,Tunisie
02/05/2020,Monastir,المنستير,0,,,,,,Tunisie
02/05/2020,Sousse,سوسة,0,,,,,,Tunisie
02/05/2020,Kebili,قبلي,4,,,,,,Tunisie
02/05/2020,Sfax,صفاقس,0,,,,,,Tunisie
02/05/2020,Bizerte,بنزرت,0,,,,,,Tunisie
02/05/2020,Nabeul,نابل,0,,,,,,Tunisie
02/05/2020,Manouba,منوبة,0,,,,,,Tunisie
02/05/2020,Tataouine,تطاوين,0,,,,,,Tunisie
02/05/2020,Gabes,قابس,0,,,,,,Tunisie
02/05/2020,Mahdia,مهدية,0,,,,,,Tunisie
02/05/2020,Le Kef,الكاف,0,,,,,,Tunisie
02/05/2020,Zaghouan,زغوان,0,,,,,,Tunisie
02/05/2020,Tozeur,توزر,0,,,,,,Tunisie
02/05/2020,Sidi Bouzid,سيدي بوزيد,0,,,,,,Tunisie
02/05/2020,Kairouan,القيروان,0,,,,,,Tunisie
02/05/2020,Kasserine,قصرين,0,,,,,,Tunisie
02/05/2020,Gafsa,قفصة,0,,,,,,Tunisie
02/05/2020,Beja,باجة,0,,,,,,Tunisie
02/05/2020,Jendouba,جندوبة,0,,,,,,Tunisie
02/05/2020,Seliana,,0,,,,,,Tunisie
03/05/2020,Tunis,تونس,1,-163,0,-12,447,-6,Tunisie
03/05/2020,Ariana,اريانة,1,35,,,,,Tunisie
03/05/2020,Medenine,مدنين,0,45,,,,,Tunisie
03/05/2020,Ben Arous,بن عروس,1,35,,,,,Tunisie
03/05/2020,Monastir,المنستير,1,21,,,,,Tunisie
03/05/2020,Sousse,سوسة,0,37,1,,,,Tunisie
03/05/2020,Kebili,قبلي,0,7,,,,,Tunisie
03/05/2020,Sfax,صفاقس,0,15,,,,,Tunisie
03/05/2020,Bizerte,بنزرت,0,11,,,,,Tunisie
03/05/2020,Nabeul,نابل,0,11,,,,,Tunisie
03/05/2020,Manouba,منوبة,0,7,,,,,Tunisie
03/05/2020,Tataouine,تطاوين,0,10,,,,,Tunisie
03/05/2020,Gabes,قابس,0,9,,,,,Tunisie
03/05/2020,Mahdia,مهدية,0,5,,,,,Tunisie
03/05/2020,Le Kef,الكاف,0,4,,,,,Tunisie
03/05/2020,Zaghouan,زغوان,0,-12,,,,,Tunisie
03/05/2020,Tozeur,توزر,0,3,,,,,Tunisie
03/05/2020,Sidi Bouzid,سيدي بوزيد,0,4,,,,,Tunisie
03/05/2020,Kairouan,القيروان,0,3,,,,,Tunisie
03/05/2020,Kasserine,قصرين,0,3,,,,,Tunisie
03/05/2020,Gafsa,قفصة,0,6,,,,,Tunisie
03/05/2020,Beja,باجة,0,-18,,,,,Tunisie
03/05/2020,Jendouba,جندوبة,0,0,,,,,Tunisie
03/05/2020,Seliana,,1,0,,,,,Tunisie
04/05/2020,Tunis,تونس,2,2,,-11,312,-2,Tunisie
04/05/2020,Ariana,اريانة,0,21,,,,,Tunisie
04/05/2020,Medenine,مدنين,0,0,0,,,,Tunisie
04/05/2020,Ben Arous,بن عروس,0,0,0,,,,Tunisie
04/05/2020,Monastir,المنستير,0,10,0,,,,Tunisie
04/05/2020,Sousse,سوسة,0,13,0,,,,Tunisie
04/05/2020,Kebili,قبلي,1,10,0,,,,Tunisie
04/05/2020,Sfax,صفاقس,0,0,0,,,,Tunisie
04/05/2020,Bizerte,بنزرت,0,1,0,,,,Tunisie
04/05/2020,Nabeul,نابل,0,0,0,,,,Tunisie
04/05/2020,Manouba,منوبة,0,0,0,,,,Tunisie
04/05/2020,Tataouine,تطاوين,0,8,0,,,,Tunisie
04/05/2020,Gabes,قابس,0,3,0,,,,Tunisie
04/05/2020,Mahdia,مهدية,0,1,0,,,,Tunisie
04/05/2020,Le Kef,الكاف,0,0,0,,,,Tunisie
04/05/2020,Zaghouan,زغوان,0,0,0,,,,Tunisie
04/05/2020,Tozeur,توزر,0,0,0,,,,Tunisie
04/05/2020,Sidi Bouzid,سيدي بوزيد,0,0,0,,,,Tunisie
04/05/2020,Kairouan,القيروان,0,0,0,,,,Tunisie
04/05/2020,Kasserine,قصرين,0,6,0,,,,Tunisie
04/05/2020,Gafsa,قفصة,1,1,0,,,,Tunisie
04/05/2020,Beja,باجة,0,0,0,,,,Tunisie
04/05/2020,Jendouba,جندوبة,0,0,0,,,,Tunisie
04/05/2020,Seliana,,0,0,0,,,,Tunisie
05/05/2020,Tunis,تونس,1,0,0,1,390,1,Tunisie
05/05/2020,Ariana,اريانة,0,16,0,,,,Tunisie
05/05/2020,Medenine,مدنين,2,6,0,,,,Tunisie
05/05/2020,Ben Arous,بن عروس,0,27,0,,,,Tunisie
05/05/2020,Monastir,المنستير,0,0,0,,,,Tunisie
05/05/2020,Sousse,سوسة,2,7,0,,,,Tunisie
05/05/2020,Kebili,قبلي,1,19,0,,,,Tunisie
05/05/2020,Sfax,صفاقس,0,3,0,,,,Tunisie
05/05/2020,Bizerte,بنزرت,0,1,0,,,,Tunisie
05/05/2020,Nabeul,نابل,0,0,0,,,,Tunisie
05/05/2020,Manouba,منوبة,-1,9,0,,,,Tunisie
05/05/2020,Tataouine,تطاوين,0,4,0,,,,Tunisie
05/05/2020,Gabes,قابس,0,0,0,,,,Tunisie
05/05/2020,Mahdia,مهدية,1,5,0,,,,Tunisie
05/05/2020,Le Kef,الكاف,1,0,0,,,,Tunisie
05/05/2020,Zaghouan,زغوان,0,0,0,,,,Tunisie
05/05/2020,Tozeur,توزر,-1,-1,0,,,,Tunisie
05/05/2020,Sidi Bouzid,سيدي بوزيد,1,1,0,,,,Tunisie
05/05/2020,Kairouan,القيروان,0,0,0,,,,Tunisie
05/05/2020,Kasserine,قصرين,-1,-1,0,,,,Tunisie
05/05/2020,Gafsa,قفصة,-3,11,0,,,,Tunisie
05/05/2020,Beja,باجة,0,1,0,,,,Tunisie
05/05/2020,Jendouba,جندوبة,0,1,0,,,,Tunisie
05/05/2020,Seliana,,0,0,0,,,,Tunisie
06/05/2020,Tunis,تونس,0,,0,-4,416,3,Tunisie
06/05/2020,Ariana,اريانة,0,,0,,,,Tunisie
06/05/2020,Medenine,مدنين,0,4,0,,,,Tunisie
06/05/2020,Ben Arous,بن عروس,0,,0,,,,Tunisie
06/05/2020,Monastir,المنستير,1,,0,,,,Tunisie
06/05/2020,Sousse,سوسة,0,,1,,,,Tunisie
06/05/2020,Kebili,قبلي,0,1,0,,,,Tunisie
06/05/2020,Sfax,صفاقس,0,1,0,,,,Tunisie
06/05/2020,Bizerte,بنزرت,0,1,0,,,,Tunisie
06/05/2020,Nabeul,نابل,0,,0,,,,Tunisie
06/05/2020,Manouba,منوبة,0,,0,,,,Tunisie
06/05/2020,Tataouine,تطاوين,0,,0,,,,Tunisie
06/05/2020,Gabes,قابس,0,2,0,,,,Tunisie
06/05/2020,Mahdia,مهدية,0,,0,,,,Tunisie
06/05/2020,Le Kef,الكاف,0,,0,,,,Tunisie
06/05/2020,Zaghouan,زغوان,0,,0,,,,Tunisie
06/05/2020,Tozeur,توزر,0,1,0,,,,Tunisie
06/05/2020,Sidi Bouzid,سيدي بوزيد,0,,0,,,,Tunisie
06/05/2020,Kairouan,القيروان,0,,0,,,,Tunisie
06/05/2020,Kasserine,قصرين,0,,0,,,,Tunisie
06/05/2020,Gafsa,قفصة,0,-1,0,,,,Tunisie
06/05/2020,Beja,باجة,0,,0,,,,Tunisie
06/05/2020,Jendouba,جندوبة,0,,0,,,,Tunisie
06/05/2020,Seliana,,0,,0,,,,Tunisie
07/05/2020,Tunis,تونس,0,20,,1,1435,3,Tunisie
07/05/2020,Ariana,اريانة,0,5,,,,,Tunisie
07/05/2020,Medenine,مدنين,0,,1,,,,Tunisie
07/05/2020,Ben Arous,بن عروس,0,9,,,,,Tunisie
07/05/2020,Monastir,المنستير,0,3,,,,,Tunisie
07/05/2020,Sousse,سوسة,0,,,,,,Tunisie
07/05/2020,Kebili,قبلي,0,,,,,,Tunisie
07/05/2020,Sfax,صفاقس,0,,,,,,Tunisie
07/05/2020,Bizerte,بنزرت,0,,,,,,Tunisie
07/05/2020,Nabeul,نابل,1,,,,,,Tunisie
07/05/2020,Manouba,منوبة,0,,,,,,Tunisie
07/05/2020,Tataouine,تطاوين,0,,,,,,Tunisie
07/05/2020,Gabes,قابس,0,,,,,,Tunisie
07/05/2020,Mahdia,مهدية,0,,,,,,Tunisie
07/05/2020,Le Kef,الكاف,0,,,,,,Tunisie
07/05/2020,Zaghouan,زغوان,0,,,,,,Tunisie
07/05/2020,Tozeur,توزر,1,,,,,,Tunisie
07/05/2020,Sidi Bouzid,سيدي بوزيد,0,,,,,,Tunisie
07/05/2020,Kairouan,القيروان,0,,,,,,Tunisie
07/05/2020,Kasserine,قصرين,0,,,,,,Tunisie
07/05/2020,Gafsa,قفصة,2,,,,,,Tunisie
07/05/2020,Beja,باجة,0,,,,,,Tunisie
07/05/2020,Jendouba,جندوبة,0,,,,,,Tunisie
07/05/2020,Seliana,,0,1,,,,,Tunisie
08/05/2020,Tunis,تونس,0,14,,1,1500,-5,Tunisie
08/05/2020,Ariana,اريانة,0,0,,,,,Tunisie
08/05/2020,Medenine,مدنين,0,0,,,,,Tunisie
08/05/2020,Ben Arous,بن عروس,0,2,,,,,Tunisie
08/05/2020,Monastir,المنستير,0,0,,,,,Tunisie
08/05/2020,Sousse,سوسة,0,2,,,,,Tunisie
08/05/2020,Kebili,قبلي,0,1,,,,,Tunisie
08/05/2020,Sfax,صفاقس,0,0,,,,,Tunisie
08/05/2020,Bizerte,بنزرت,0,0,,,,,Tunisie
08/05/2020,Nabeul,نابل,0,0,,,,,Tunisie
08/05/2020,Manouba,منوبة,0,0,,,,,Tunisie
08/05/2020,Tataouine,تطاوين,0,0,,,,,Tunisie
08/05/2020,Gabes,قابس,0,1,,,,,Tunisie
08/05/2020,Mahdia,مهدية,0,0,,,,,Tunisie
08/05/2020,Le Kef,الكاف,0,0,,,,,Tunisie
08/05/2020,Zaghouan,زغوان,0,0,,,,,Tunisie
08/05/2020,Tozeur,توزر,0,2,,,,,Tunisie
08/05/2020,Sidi Bouzid,سيدي بوزيد,0,0,,,,,Tunisie
08/05/2020,Kairouan,القيروان,0,0,,,,,Tunisie
08/05/2020,Kasserine,قصرين,0,0,,,,,Tunisie
08/05/2020,Gafsa,قفصة,1,0,,,,,Tunisie
08/05/2020,Beja,باجة,1,0,,,,,Tunisie
08/05/2020,Jendouba,جندوبة,0,0,,,,,Tunisie
08/05/2020,Seliana,,0,0,,,,,Tunisie
09/05/2020,Tunis,تونس,0,8,,-24,292,0,Tunisie
09/05/2020,Ariana,اريانة,0,0,,,,,Tunisie
09/05/2020,Medenine,مدنين,0,4,,,,,Tunisie
09/05/2020,Ben Arous,بن عروس,0,1,,,,,Tunisie
09/05/2020,Monastir,المنستير,0,2,,,,,Tunisie
09/05/2020,Sousse,سوسة,0,5,,,,,Tunisie
09/05/2020,Kebili,قبلي,0,8,,,,,Tunisie
09/05/2020,Sfax,صفاقس,0,2,,,,,Tunisie
09/05/2020,Bizerte,بنزرت,0,0,,,,,Tunisie
09/05/2020,Nabeul,نابل,0,0,,,,,Tunisie
09/05/2020,Manouba,منوبة,0,4,,,,,Tunisie
09/05/2020,Tataouine,تطاوين,0,1,,,,,Tunisie
09/05/2020,Gabes,قابس,0,0,,,,,Tunisie
09/05/2020,Mahdia,مهدية,0,1,,,,,Tunisie
09/05/2020,Le Kef,الكاف,0,0,,,,,Tunisie
09/05/2020,Zaghouan,زغوان,0,0,,,,,Tunisie
09/05/2020,Tozeur,توزر,0,0,,,,,Tunisie
09/05/2020,Sidi Bouzid,سيدي بوزيد,0,0,,,,,Tunisie
09/05/2020,Kairouan,القيروان,0,1,,,,,Tunisie
09/05/2020,Kasserine,قصرين,0,0,,,,,Tunisie
09/05/2020,Gafsa,قفصة,0,3,,,,,Tunisie
09/05/2020,Beja,باجة,0,0,,,,,Tunisie
09/05/2020,Jendouba,جندوبة,0,0,,,,,Tunisie
09/05/2020,Seliana,,0,0,,,,,Tunisie
10/05/2020,Tunis,تونس,0,5,,-4,448,-19,Tunisie
10/05/2020,Ariana,اريانة,0,2,,,,,Tunisie
10/05/2020,Medenine,مدنين,0,4,,,,,Tunisie
10/05/2020,Ben Arous,بن عروس,0,4,,,,,Tunisie
10/05/2020,Monastir,المنستير,0,0,,,,,Tunisie
10/05/2020,Sousse,سوسة,0,1,,,,,Tunisie
10/05/2020,Kebili,قبلي,0,4,,,,,Tunisie
10/05/2020,Sfax,صفاقس,0,0,,,,,Tunisie
10/05/2020,Bizerte,بنزرت,0,2,,,,,Tunisie
10/05/2020,Nabeul,نابل,0,0,,,,,Tunisie
10/05/2020,Manouba,منوبة,0,0,,,,,Tunisie
10/05/2020,Tataouine,تطاوين,0,3,,,,,Tunisie
10/05/2020,Gabes,قابس,0,0,,,,,Tunisie
10/05/2020,Mahdia,مهدية,0,1,,,,,Tunisie
10/05/2020,Le Kef,الكاف,0,,,,,,Tunisie
10/05/2020,Zaghouan,زغوان,0,0,,,,,Tunisie
10/05/2020,Tozeur,توزر,0,,,,,,Tunisie
10/05/2020,Sidi Bouzid,سيدي بوزيد,0,0,,,,,Tunisie
10/05/2020,Kairouan,القيروان,0,0,,,,,Tunisie
10/05/2020,Kasserine,قصرين,0,0,,,,,Tunisie
10/05/2020,Gafsa,قفصة,0,1,,,,,Tunisie
10/05/2020,Beja,باجة,0,0,,,,,Tunisie
10/05/2020,Jendouba,جندوبة,0,0,,,,,Tunisie
10/05/2020,Seliana,,0,0,,,,,Tunisie
11/05/2020,Tunis,تونس,0,2,,-2,614,0,Tunisie
11/05/2020,Ariana,اريانة,0,1,,,,,Tunisie
11/05/2020,Medenine,مدنين,0,1,,,,,Tunisie
11/05/2020,Ben Arous,بن عروس,0,0,,,,,Tunisie
11/05/2020,Monastir,المنستير,0,1,,,,,Tunisie
11/05/2020,Sousse,سوسة,0,0,,,,,Tunisie
11/05/2020,Kebili,قبلي,0,3,,,,,Tunisie
11/05/2020,Sfax,صفاقس,0,0,,,,,Tunisie
11/05/2020,Bizerte,بنزرت,0,2,,,,,Tunisie
11/05/2020,Nabeul,نابل,0,0,,,,,Tunisie
11/05/2020,Manouba,منوبة,0,2,,,,,Tunisie
11/05/2020,Tataouine,تطاوين,0,0,,,,,Tunisie
11/05/2020,Gabes,قابس,0,0,,,,,Tunisie
11/05/2020,Mahdia,مهدية,0,0,,,,,Tunisie
11/05/2020,Le Kef,الكاف,0,0,,,,,Tunisie
11/05/2020,Zaghouan,زغوان,0,0,,,,,Tunisie
11/05/2020,Tozeur,توزر,0,0,,,,,Tunisie
11/05/2020,Sidi Bouzid,سيدي بوزيد,0,0,,,,,Tunisie
11/05/2020,Kairouan,القيروان,0,0,,,,,Tunisie
11/05/2020,Kasserine,قصرين,0,0,,,,,Tunisie
11/05/2020,Gafsa,قفصة,0,0,,,,,Tunisie
11/05/2020,Beja,باجة,0,1,,,,,Tunisie
11/05/2020,Jendouba,جندوبة,0,0,,,,,Tunisie
11/05/2020,Seliana,,0,0,,,,,Tunisie
12/05/2020,Tunis,تونس,0,1,,0,443,0,Tunisie
12/05/2020,Ariana,اريانة,0,0,,,,,Tunisie
12/05/2020,Medenine,مدنين,0,5,,,,,Tunisie
12/05/2020,Ben Arous,بن عروس,0,2,,,,,Tunisie
12/05/2020,Monastir,المنستير,0,0,,,,,Tunisie
12/05/2020,Sousse,سوسة,0,0,,,,,Tunisie
12/05/2020,Kebili,قبلي,0,2,,,,,Tunisie
12/05/2020,Sfax,صفاقس,0,1,,,,,Tunisie
12/05/2020,Bizerte,بنزرت,0,0,,,,,Tunisie
12/05/2020,Nabeul,نابل,0,2,,,,,Tunisie
12/05/2020,Manouba,منوبة,0,1,,,,,Tunisie
12/05/2020,Tataouine,تطاوين,0,0,,,,,Tunisie
12/05/2020,Gabes,قابس,0,1,,,,,Tunisie
12/05/2020,Mahdia,مهدية,0,1,,,,,Tunisie
12/05/2020,Le Kef,الكاف,0,0,,,,,Tunisie
12/05/2020,Zaghouan,زغوان,0,0,,,,,Tunisie
12/05/2020,Tozeur,توزر,0,0,,,,,Tunisie
12/05/2020,Sidi Bouzid,سيدي بوزيد,0,0,,,,,Tunisie
12/05/2020,Kairouan,القيروان,0,0,,,,,Tunisie
12/05/2020,Kasserine,قصرين,0,0,,,,,Tunisie
12/05/2020,Gafsa,قفصة,0,1,,,,,Tunisie
12/05/2020,Beja,باجة,0,-1,,,,,Tunisie
12/05/2020,Jendouba,جندوبة,0,0,,,,,Tunisie
12/05/2020,Seliana,,0,3,,,,,Tunisie
13/05/2020,Tunis,تونس,0,5,,-2,555,0,Tunisie
13/05/2020,Ariana,اريانة,0,0,,,,,Tunisie
13/05/2020,Medenine,مدنين,0,2,,,,,Tunisie
13/05/2020,Ben Arous,بن عروس,0,1,,,,,Tunisie
13/05/2020,Monastir,المنستير,0,0,,,,,Tunisie
13/05/2020,Sousse,سوسة,0,0,,,,,Tunisie
13/05/2020,Kebili,قبلي,0,1,,,,,Tunisie
13/05/2020,Sfax,صفاقس,0,0,,,,,Tunisie
13/05/2020,Bizerte,بنزرت,0,1,,,,,Tunisie
13/05/2020,Nabeul,نابل,0,0,,,,,Tunisie
13/05/2020,Manouba,منوبة,0,1,,,,,Tunisie
13/05/2020,Tataouine,تطاوين,0,0,,,,,Tunisie
13/05/2020,Gabes,قابس,0,0,,,,,Tunisie
13/05/2020,Mahdia,مهدية,0,0,,,,,Tunisie
13/05/2020,Le Kef,الكاف,0,0,,,,,Tunisie
13/05/2020,Zaghouan,زغوان,0,0,,,,,Tunisie
13/05/2020,Tozeur,توزر,0,0,,,,,Tunisie
13/05/2020,Sidi Bouzid,سيدي بوزيد,0,0,,,,,Tunisie
13/05/2020,Kairouan,القيروان,0,0,,,,,Tunisie
13/05/2020,Kasserine,قصرين,0,0,,,,,Tunisie
13/05/2020,Gafsa,قفصة,0,0,,,,,Tunisie
13/05/2020,Beja,باجة,0,0,,,,,Tunisie
13/05/2020,Jendouba,جندوبة,0,0,,,,,Tunisie
13/05/2020,Seliana,,0,0,,,,,Tunisie
14/05/2020,Tunis,تونس,1,4,,0,443,0,Tunisie
14/05/2020,Ariana,اريانة,0,2,,,,,Tunisie
14/05/2020,Medenine,مدنين,0,0,,,,,Tunisie
14/05/2020,Ben Arous,بن عروس,0,2,,,,,Tunisie
14/05/2020,Monastir,المنستير,0,1,,,,,Tunisie
14/05/2020,Sousse,سوسة,0,2,,,,,Tunisie
14/05/2020,Kebili,قبلي,0,6,,,,,Tunisie
14/05/2020,Sfax,صفاقس,0,4,,,,,Tunisie
14/05/2020,Bizerte,بنزرت,0,0,,,,,Tunisie
14/05/2020,Nabeul,نابل,0,1,,,,,Tunisie
14/05/2020,Manouba,منوبة,0,2,,,,,Tunisie
14/05/2020,Tataouine,تطاوين,0,0,,,,,Tunisie
14/05/2020,Gabes,قابس,0,0,,,,,Tunisie
14/05/2020,Mahdia,مهدية,0,0,,,,,Tunisie
14/05/2020,Le Kef,الكاف,0,2,,,,,Tunisie
14/05/2020,Zaghouan,زغوان,0,0,,,,,Tunisie
14/05/2020,Tozeur,توزر,0,0,,,,,Tunisie
14/05/2020,Sidi Bouzid,سيدي بوزيد,0,0,,,,,Tunisie
14/05/2020,Kairouan,القيروان,0,0,,,,,Tunisie
14/05/2020,Kasserine,قصرين,0,0,,,,,Tunisie
14/05/2020,Gafsa,قفصة,2,6,,,,,Tunisie
14/05/2020,Beja,باجة,0,0,,,,,Tunisie
14/05/2020,Jendouba,جندوبة,0,0,,,,,Tunisie
14/05/2020,Seliana,,0,0,,,,,Tunisie